codiceregionale,ComuneCatastale,impianto Libro fond.,attività segnalate,Comune Amministartivo,UfficioCatasto
2,ALA,01/01/1929,,Ala,Rovereto
98,CHIZZOLA,01/05/1927,,Ala,Rovereto
279,PILCANTE,01/05/1929,,Ala,Rovereto
313,RONCHI,01/01/1929,,Ala,Rovereto
332,SANTA MARGHERITA,01/04/1930,,Ala,Rovereto
349,SERRAVALLE,01/02/1933,,Ala,Rovereto
3,ALBIANO,10/04/1978,,Albiano,Trento
4,ALDENO,01/11/1934,rilevam.,Aldeno,Trento
146,FAVER,15/04/1936,rilevam.,Altavalle,Trento
167,GRAUNO,01/01/1937,,Altavalle,Trento
169,GRUMES,01/11/1938,,Altavalle,Trento
411,VALDA,01/11/1938,,Altavalle,Trento
39,BOSENTINO,01/02/1902,rilevam.,Altopiano della Vigolana,Trento
94,CENTA,01/10/1900,rilevam.,Altopiano della Vigolana,Trento
418,VATTARO,01/04/1901,rilevam.,Altopiano della Vigolana,Trento
433,VIGOLO VATTARO,01/05/1901,rilevam.,Altopiano della Vigolana,Trento
6,AMBLAR,01/07/1913,,Amblar-Don,Fondo
137,DON,01/04/1912,,Amblar-Don,Fondo
7,ANDALO,01/06/1908,rilevam.,Andalo,Mezzolombardo
9,ARCO,01/03/1903,,Arco,Riva del Garda
258,OLTRESARCA,01/11/1901,,Arco,Riva del Garda
310,ROMARZOLLO,01/05/1902,,Arco,Riva del Garda
12,AVIO,01/06/1933,,Avio,Rovereto
36,BORGHETTO,01/04/1930,,Avio,Rovereto
18,BASELGA DI PINÈ I,01/06/1909,rilevam.,Baselga di Pinè,Pergine Valsugana
19,BASELGA DI PINÈ II,01/06/1909,,Baselga di Pinè,Pergine Valsugana
233,MIOLA I,01/05/1910,rilevam.,Baselga di Pinè,Pergine Valsugana
234,MIOLA II,01/05/1910,,Baselga di Pinè,Pergine Valsugana
20,BEDOLLO,30/10/1993,rilevam.,Bedollo,Pergine Valsugana
22,BESENELLO,01/02/1900,,Besenello,Rovereto
25,BIENO,01/04/1909,,Bieno,Borgo Valsugana
13,BALBIDO,01/05/1914,,Bleggio superiore,Tione di Trento
27,BLEGGIO SUPERIORE,01/05/1911,,Bleggio superiore,Tione di Trento
90,CAVRASTO,01/05/1914,,Bleggio superiore,Tione di Trento
181,LARIDO,01/05/1914,,Bleggio superiore,Tione di Trento
204,MADICE,01/05/1914,,Bleggio superiore,Tione di Trento
303,RANGO,01/05/1914,,Bleggio superiore,Tione di Trento
28,BOCENAGO,01/05/1960,,Bocenago,Tione di Trento
33,BONDONE,01/08/1958,rilevam.,Bondone,Tione di Trento
34,BONDONE STORO,01/01/1956,,Bondone,Tione di Trento
47,BRIONE,01/05/1961,,Borgo Chiese,Tione di Trento
99,CIMEGO I,01/02/1931,,Borgo Chiese,Tione di Trento
100,CIMEGO II,01/02/1931,,Borgo Chiese,Tione di Trento
115,CONDINO,01/07/1957,,Borgo Chiese,Tione di Trento
29,BOLBENO,01/12/1904,,Borgo Lares,Tione di Trento
446,ZUCLO I,01/08/1910,,Borgo Lares,Tione di Trento
447,ZUCLO II,01/08/1910,,Borgo Lares,Tione di Trento
37,BORGO,01/07/1942,,Borgo Valsugana,Borgo Valsugana
44,BRENTONICO,01/03/1928,rilevam.,Brentonico,Rovereto
45,BRESIMO,01/06/1915,,Bresimo,Cles
46,BREZ,01/02/1912,,Brez,Fondo
49,CADERZONE,01/09/1964,,Caderzone,Tione di Trento
51,CAGNÒ,01/10/1913,,Cagnò,Cles
53,CALCERANICA,01/09/1901,rilevam.,Calceranica al lago,Pergine Valsugana
40,BOZZANA,01/01/1927,,Caldes,Malè
54,CALDES,01/03/1927,,Caldes,Malè
328,SAMOCLEVO,01/04/1927,,Caldes,Malè
330,SAN GIACOMO,01/03/1927,,Caldes,Malè
55,CALDONAZZO,01/11/1904,rilevam.,Caldonazzo,Pergine Valsugana
56,CALLIANO I,01-05-1899,,Calliano,Rovereto
57,CALLIANO II,01-05-1899,,Calliano,Rovereto
58,CALLIANO III,01-05-1899,,Calliano,Rovereto
85,CASTELPIETRA,01-05-1899,,Calliano,Rovereto
59,CAMPITELLO-CIAMPEDEL,01/08/1952,rilevam.,Campitello di Fassa-Ciampedel,Cavalese
61,CAMPODENNO I,01/08/1913,rilevam.,Campodenno,Mezzolombardo
62,CAMPODENNO II,01/08/1913,,Campodenno,Mezzolombardo
133,DERCOLO I,01/04/1913,,Campodenno,Mezzolombardo
134,DERCOLO II,01/04/1913,,Campodenno,Mezzolombardo
202,LOVER,01/02/1912,,Campodenno,Mezzolombardo
298,QUETTA I,01/08/1912,,Campodenno,Mezzolombardo
299,QUETTA II,01/08/1912,,Campodenno,Mezzolombardo
388,TERMON I,01/09/1913,,Campodenno,Mezzolombardo
389,TERMON II,01/09/1913,,Campodenno,Mezzolombardo
64,CANAL S. BOVO I,01/02/1957,rilevam.,Canal San Bovo,Fiera di Primiero
65,CANAL S. BOVO II,01/02/1957,,Canal San Bovo,Fiera di Primiero
66,CANAZEI-CIANACEI,01/08/1953,,Canazei-Cianacei,Cavalese
68,CAPRIANA,01/04/1908,rilevam.,Capriana,Cavalese
320,ROVER CARBONARE,01/05/1906,rilevam.,Capriana,Cavalese
69,CARANO,01/02/1903,,Carano,Cavalese
72,CARISOLO I,01/07/1958,,Carisolo,Tione di Trento
73,CARISOLO II,01/07/1958,,Carisolo,Tione di Trento
74,CARZANO,01/11/1914,,Carzano,Borgo Valsugana
80,CASTELLO,01/01/1956,,Castel condino,Tione di Trento
359,SPERA I,01/08/1907,rilevam.,Castel Ivano,Borgo Valsugana
360,SPERA II,01/08/1907,,Castel Ivano,Borgo Valsugana
372,STRIGNO,01/05/1965,,Castel Ivano,Borgo Valsugana
435,VILLA AGNEDO,01/12/1909,,Castel Ivano,Borgo Valsugana
78,CASTELFONDO,01/01/1920,,Castelfondo,Fondo
83,CASTELLO TESINO,01/01/1936,,Castello Tesino,Borgo Valsugana
82,CASTELLO FIEMME,01/09/1905,,Castello-Molina di Fiemme,Cavalese
368,STRAMENTIZZO,11/04/1984,,Castello-Molina di Fiemme,Cavalese
84,CASTELNUOVO,01/01/1979,,Castelnuovo,Borgo Valsugana
86,CAVALESE,01/09/1908,rilevam.,Cavalese,Cavalese
87,CAVARENO,01/09/1931,,Cavareno,Fondo
88,CAVEDAGO,01/06/1911,rilevam.,Cavedago,Mezzolombardo
48,BRUSINO,01/01/1934,,Cavedine,Trento
177,LAGUNA MUSTÈ I,01/05/1935,,Cavedine,Trento
178,LAGUNA MUSTÈ II,01/05/1935,,Cavedine,Trento
369,STRAVINO,01/02/1934,,Cavedine,Trento
428,VIGO CAVEDINE,01/01/1935,,Cavedine,Trento
89,CAVIZZANA,01/11/1927,,Cavizzana,Malè
93,CEMBRA,01/04/1941,,Cembra Lisignago,Trento
191,LISIGNAGO,01/12/1932,,Cembra Lisignago,Trento
101,CIMONE,01/12/1952,,Cimone,Trento
102,CINTE TESINO I,01/11/1911,,Cinte Tesino,Borgo Valsugana
103,CINTE TESINO II,01/11/1911,,Cinte Tesino,Borgo Valsugana
104,CIS,01/01/1915,,Cis,Cles
105,CIVEZZANO,01/11/1907,,Civezzano,Trento
106,CLES,01/05/1910,,Cles,Cles
225,MECHEL,01/07/1908,,Cles,Cles
107,CLOZ,01/06/1914,,Cloz,Fondo
26,BLEGGIO INFERIORE,01/05/1911,,Comano Terme,Tione di Trento
35,BONO,01/05/1911,,Comano Terme,Tione di Trento
60,CAMPO,01/04/1920,,Comano Terme,Tione di Trento
71,CARES,01/04/1913,,Comano Terme,Tione di Trento
112,COMANO,01/04/1930,,Comano Terme,Tione di Trento
114,COMIGHELLO,01/07/1911,,Comano Terme,Tione di Trento
129,DASINDO,01/04/1914,,Comano Terme,Tione di Trento
141,DUVREDO,01/04/1913,,Comano Terme,Tione di Trento
166,GODENZO,01/04/1930,,Comano Terme,Tione di Trento
196,LOMASO,01/04/1913,,Comano Terme,Tione di Trento
203,LUNDO,01/06/1926,,Comano Terme,Tione di Trento
281,POIA,01/04/1920,,Comano Terme,Tione di Trento
396,TIGNERONE,01/03/1913,,Comano Terme,Tione di Trento
430,VIGO LOMASO,01/08/1915,,Comano Terme,Tione di Trento
5,ALMAZZAGO,01/11/1932,,Commezzadura,Malè
130,DEGGIANO,01/12/1931,,Commezzadura,Malè
220,MASTELLINA I,01/11/1932,,Commezzadura,Malè
221,MASTELLINA II,01/11/1932,,Commezzadura,Malè
227,MESTRIAGO,01/11/1932,,Commezzadura,Malè
276,PIANO,01/11/1932,,Commezzadura,Malè
122,CUNEVO,01/08/1911,,Contà,Cles
152,FLAVON,01/09/1911,,Contà,Cles
391,TERRES,01/08/1910,,Contà,Cles
121,CROVIANA,01/08/1930,,Croviana,Malè
123,DAIANO,01/03/1902,,Daiano,Cavalese
124,DAMBEL,01/03/1912,,Dambel,Fondo
131,DENNO I,01/09/1913,,Denno,Mezzolombardo
132,DENNO II,01/09/1913,,Denno,Mezzolombardo
70,CARCIATO,01/11/1931,,Dimaro,Malè
136,DIMARO,01/11/1931,,Dimaro Folgarida,Malè
241,MONCLASSICO,31/08/1930,,Dimaro Folgarida,Malè
139,DRENA,01/05/1901,,Drena,Riva del Garda
140,DRO,01/08/1901,,Dro,Riva del Garda
143,FAEDO,01/07/1906,,Faedo,Mezzolombardo
144,FAI,01/10/1907,rilevam.,Fai della paganella,Mezzolombardo
14,BALLINO,01/05/1913,,Fiavè,Tione di Trento
147,FAVRIO,01/03/1914,,Fiavè,Tione di Trento
148,FIAVÈ,01/03/1914,,Fiavè,Tione di Trento
373,STUMIAGA,01/03/1914,,Fiavè,Tione di Trento
150,FIEROZZO-VLARÖTZ,01/12/1937,rilevam.,Fierozzo-vlarötz,Pergine Valsugana
154,FOLGARIA,01/10/1907,rilevam.,Folgaria,Rovereto
155,FONDO,01/02/1942,,Fondo,Fondo
417,VASIO,01/03/1910,,Fondo,Fondo
156,FORNACE,01/05/1908,,Fornace,Trento
160,FRASSILONGO-GARAIT,01/04/1938,rilevam.,Frassilongo-garait,Pergine Valsugana
162,GARNIGA,01/06/1950,,Garniga Terme,Trento
163,GIOVO,01/04/1906,,Giovo,Trento
164,GIUSTINO I,01/07/1971,,Giustino,Tione di Trento
165,GIUSTINO II,01/07/1971,,Giustino,Tione di Trento
168,GRIGNO,01/10/1926,rilevam.,Grigno,Borgo Valsugana
171,IMER I,01/04/1934,rilevam.,Imer,Fiera di Primiero
172,IMER II,01/04/1934,,Imer,Fiera di Primiero
153,FOLAS-REVIAN,01/12/1927,,Isera,Rovereto
174,ISERA,01/10/1920,,Isera,Rovereto
188,LENZIMA,01/12/1927,,Isera,Rovereto
214,MARANO,01/04/1927,,Isera,Rovereto
266,PATONE,01/04/1936,,Isera,Rovereto
175,IVANO FRACENA,01/09/1908,,Ivano-fracena,Borgo Valsugana
184,LAVARONE,01/07/1906,rilevam.,Lavarone,Trento
185,LAVIS,01/05/1906,rilevam.,Lavis,Trento
16,BARCESINO,01/03/1905,,Ledro,Riva del Garda
23,BEZZECCA,01/01/1907,rilevam.,Ledro,Riva del Garda
24,BIACESA,01/07/1904,,Ledro,Riva del Garda
142,ENGUISO,01/01/1907,,Ledro,Riva del Garda
186,LEGOS I,01/09/1905,,Ledro,Riva del Garda
187,LEGOS II,01/09/1905,,Ledro,Riva del Garda
189,LENZUMO,01/01/1907,,Ledro,Riva del Garda
194,LOCCA,01/01/1907,,Ledro,Riva del Garda
231,MEZZOLAGO,01/05/1905,,Ledro,Riva del Garda
238,MOLINA,01/03/1905,,Ledro,Riva del Garda
277,PIEVE DI LEDRO,01/06/1907,,Ledro,Riva del Garda
289,PRÈ,01/01/1906,,Ledro,Riva del Garda
394,TIARNO DI SOPRA,01/09/1907,,Ledro,Riva del Garda
395,TIARNO DI SOTTO,01/09/1907,,Ledro,Riva del Garda
190,LEVICO,01/07/1909,rilevam.,Levico Terme,Borgo Valsugana
192,LIVO,01/12/1913,,Livo,Cles
292,PREGHENA,01/06/1914,,Livo,Cles
182,LASES,01/12/1910,,Lona-lases,Trento
199,LONA,01/12/1910,,Lona-lases,Trento
200,LONA-LASES II,01/12/1910,,Lona-lases,Trento
201,LUSERNA,05/02/1970,,Luserna,Trento
52,CALAVINO,01/12/1930,,Madruzzo,Trento
183,LASINO,01/03/1933,,Madruzzo,Trento
206,MAGASA,01/01/1935,rilevam.,Magasa,Riva del Garda
11,ARNAGO,01/06/1928,,Malè,Malè
30,BOLENTINA,01/09/1939,,Malè,Malè
207,MAGRAS,15/05/1995,,Malè,Malè
209,MALÈ,01/10/1929,rilevam.,Malè,Malè
243,MONTES,01/12/1931,,Malè,Malè
211,MALOSCO I,01/11/1909,,Malosco,Fondo
212,MALOSCO II,01/11/1909,,Malosco,Fondo
218,MASSIMENO I,01/08/1972,,Massimeno,Tione di Trento
219,MASSIMENO II,01/08/1972,,Massimeno,Tione di Trento
223,MAZZIN-MAZIN,01/04/1953,,Mazzin-Mazin,Cavalese
226,MENAS,01/11/1932,rilevam.,Mezzana,Malè
228,MEZZANA,01/11/1933,rilevam.,Mezzana,Malè
259,ORTISÈ,01/11/1932,rilevam.,Mezzana,Malè
229,MEZZANO,01/10/1936,rilevam.,Mezzano,Fiera di Primiero
230,MEZZOCORONA,01/02/1909,rilevam.,Mezzocorona,Mezzolombardo
232,MEZZOLOMBARDO,01/07/1910,rilevam.,Mezzolombardo,Mezzolombardo
157,FORNO,01/03/1963,,Moena-Moena,Cavalese
235,MOENA I-MOENA I,01/01/1963,,Moena-Moena,Cavalese
236,MOENA II-MOENA II,01/01/1963,,Moena-Moena,Cavalese
240,MOLVENO,01/07/1992,rilevam.,Molveno,Mezzolombardo
295,PRESSON,01/08/1930,,Monclassico,Malè
213,MANZANO,01/04/1909,,Mori,Rovereto
245,MORI,01/06/1911,,Mori,Rovereto
254,NOMESINO,01/05/1909,,Mori,Rovereto
265,PANNONE,01/06/1908,,Mori,Rovereto
414,VALLE,01/11/1908,,Mori,Rovereto
415,VARANO,01/06/1908,,Mori,Rovereto
248,NAGO TORBOLE,01/05/1904,rilevam.,Nago-Torbole,Riva del Garda
41,BRANCOLINO,01/04/1927,,Nogaredo,Rovereto
251,NOARNA,01/06/1927,,Nogaredo,Rovereto
253,NOGAREDO,01/03/1927,,Nogaredo,Rovereto
339,SASSO,01/06/1927,,Nogaredo,Rovereto
255,NOMI,01/01/1932,,Nomi,Rovereto
257,NOVALEDO,01/12/1933,,Novaledo,Borgo Valsugana
260,OSPEDALETTO,01/08/1910,rilevam.,Ospedaletto,Borgo Valsugana
261,OSSANA,01/01/1935,,Ossana,Malè
263,PALU',01/12/1936,rilevam.,Palù del fersina-Palai en bersntol,Pergine Valsugana
264,PANCHIÀ,01/11/1903,,Panchià,Cavalese
76,CASOTTO,01/08/1996,rilevam.,Pedemonte,Trento
267,PEDEMONTE,01/06/1998,rilevam.,Pedemonte,Trento
91,CELENTINO,01/05/1936,,Peio,Malè
92,CELLEDIZZO,01/10/1938,,Peio,Malè
109,COGOLO,01/10/1938,,Peio,Malè
113,COMASINE,01/12/1937,,Peio,Malè
269,PEIO,01/09/1939,,Peio,Malè
81,CASTELLO,01/01/1956,,Pellizzano,Malè
270,PELLIZZANO,01/12/1934,,Pellizzano,Malè
386,TERMENAGO I,01/05/1933,,Pellizzano,Malè
387,TERMENAGO II,01/05/1933,,Pellizzano,Malè
271,PELUGO,01/08/1965,,Pelugo,Tione di Trento
63,CANALE,01/05/1914,,Pergine Valsugana,Pergine Valsugana
67,CANEZZA,01/04/1931,,Pergine Valsugana,Pergine Valsugana
77,CASTAGNÈ,01/06/1915,,Pergine Valsugana,Pergine Valsugana
118,COSTASAVINA,01/04/1915,,Pergine Valsugana,Pergine Valsugana
173,ISCHIA,01/07/1913,,Pergine Valsugana,Pergine Valsugana
205,MADRANO,01/09/1928,,Pergine Valsugana,Pergine Valsugana
252,NOGARÈ,01/04/1930,,Pergine Valsugana,Pergine Valsugana
273,PERGINE I,01/05/1952,rilevam.,Pergine Valsugana,Pergine Valsugana
274,PERGINE II,01/05/1952,,Pergine Valsugana,Pergine Valsugana
315,RONCOGNO,01/08/1926,,Pergine Valsugana,Pergine Valsugana
350,SERSO,01/10/1931,rilevam.,Pergine Valsugana,Pergine Valsugana
374,SUSÀ,01/05/1914,rilevam.,Pergine Valsugana,Pergine Valsugana
423,VIARAGO,01/05/1934,,Pergine Valsugana,Pergine Valsugana
424,VIGALZANO,01/01/1933,rilevam.,Pergine Valsugana,Pergine Valsugana
120,CRETO,01/06/1934,,Pieve di Bono,Tione di Trento
1,AGRONE,01/01/1935,,Pieve di Bono Prezzo,Tione di Trento
110,COLOGNA,01/12/1940,,Pieve di Bono Prezzo,Tione di Trento
284,POR,01/11/1943,,Pieve di Bono Prezzo,Tione di Trento
296,PREZZO,01/10/1943,,Pieve di Bono Prezzo,Tione di Trento
366,STRADA I,01/05/1939,,Pieve di Bono Prezzo,Tione di Trento
367,STRADA II,01/05/1939,,Pieve di Bono Prezzo,Tione di Trento
278,PIEVE TESINO,01/11/1910,rilevam.,Pieve Tesino,Borgo Valsugana
280,PINZOLO,01/09/1963,rilevam.,Pinzolo,Tione di Trento
282,POMAROLO I,01/12/1929,,Pomarolo,Rovereto
283,POMAROLO II,01/12/1929,,Pomarolo,Rovereto
340,SAVIGNANO I,01/12/1929,,Pomarolo,Rovereto
341,SAVIGNANO II,01/12/1929,,Pomarolo,Rovereto
127,DARÈ,01/12/1979,,Porte di Rendena,Tione di Trento
176,JAVRÈ,20/05/1986,,Porte di Rendena,Tione di Trento
419,VERDESINA,01/12/1958,,Porte di Rendena,Tione di Trento
431,VIGO RENDENA,01/08/1959,,Porte di Rendena,Tione di Trento
438,VILLA RENDENA,15/06/1958,,Porte di Rendena,Tione di Trento
116,COREDO I,01/09/1906,,Predaia,Cles
117,COREDO II,01/09/1906,,Predaia,Cles
126,DARDINE,01/04/1915,,Predaia,Cles
135,DERMULO,01/08/1904,,Predaia,Cles
239,MOLLARO,01/05/1915,,Predaia,Cles
297,PRIÒ,01/02/1920,,Predaia,Cles
344,SEGNO,01/02/1920,,Predaia,Cles
354,SMARANO,01/07/1906,,Predaia,Cles
375,TAIO,01/07/1904,,Predaia,Cles
380,TAVON,01/07/1906,,Predaia,Cles
402,TORRA,01/02/1920,,Predaia,Cles
407,TRES,01/04/1905,rilevam.,Predaia,Cles
408,TUENETTO,01/07/1915,,Predaia,Cles
421,VERVÒ,01/01/1920,,Predaia,Cles
441,VION,01/02/1920,rilevam.,Predaia,Cles
290,PREDAZZO,20/12/1968,,Predazzo,Cavalese
149,FIERA,15/07/1940,rilevam.,Primiero San Martino di Castrozza,Fiera di Primiero
353,SIROR,15/10/1950,rilevam.,Primiero San Martino di Castrozza,Fiera di Primiero
399,TONADICO I,15/10/1952,rilevam.,Primiero San Martino di Castrozza,Fiera di Primiero
400,TONADICO II,15/10/1952,rilevam.,Primiero San Martino di Castrozza,Fiera di Primiero
405,TRANSACQUA,01/08/1950,rilevam.,Primiero San Martino di Castrozza,Fiera di Primiero
300,RABBI,01/03/1932,rilevam.,Rabbi,Malè
306,REVÒ,01/07/1914,,Revò,Cles
291,PREGASINA,01/03/1904,,Riva del Garda,Riva del Garda
307,RIVA,01/06/1906,rilevam.,Riva del Garda,Riva del Garda
309,ROMALLO,01/12/1912,,Romallo,Cles
311,ROMENO,01/02/1920,,Romeno,Fondo
327,SALTER MALGOLO,01/01/1908,,Romeno,Fondo
312,RONCEGNO,01/10/1940,,Roncegno,Borgo Valsugana
314,RONCHI,01/12/1934,rilevam.,Ronchi Valsugana,Borgo Valsugana
97,CHIENIS,01/03/1908,,Ronzo-chienis,Rovereto
317,RONZO,01/03/1908,,Ronzo-Chienis,Rovereto
318,RONZONE I,01/02/1910,,Ronzone,Fondo
319,RONZONE II,01/02/1910,,Ronzone,Fondo
321,ROVERÈ DELLA LUNA,01/10/1907,rilevam.,Roverè della luna,Mezzolombardo
193,LIZZANA,15/08/1903,rilevam. - (video),Rovereto,Rovereto
215,MARCO,01/03/1970,,Rovereto,Rovereto
256,NORIGLIO,01/12/1904,rilevam.,Rovereto,Rovereto
322,ROVERETO,01/05/1902,rilevam. - (video),Rovereto,Rovereto
325,SACCO,01-05-1899,,Rovereto,Rovereto
323,RUFFRÈ,01/10/1933,,Ruffrè-mendola,Fondo
324,RUMO,01/10/1930,,Rumo,Cles
326,SAGRON MISS,01/11/1976,,Sagron mis,Fiera di Primiero
329,SAMONE,01/03/1907,,Samone,Borgo Valsugana
272,PERA,01/07/1951,rilevam.,San Giovanni di Fassa,Cavalese
286,POZZA,01/06/1950,rilevam.,San Giovanni di Fassa,Cavalese
429,VIGO DI FASSA - VICH,01/06/1944,,San Giovanni di Fassa,Cavalese
8,ANDOGNO,01/05/1931,,San Loreno Dorsino,Tione di Trento
125,DAONE,15/06/1959,,San Loreno Dorsino,Tione di Trento
138,DORSINO,01/06/1931,,San Loreno Dorsino,Tione di Trento
288,PRASO,01/01/1935,,San Loreno Dorsino,Tione di Trento
331,SAN LORENZO,15/05/1938,,San Loreno Dorsino,Tione di Trento
379,TAVODO,01/05/1931,,San Loreno Dorsino,Tione di Trento
170,GRUMO,01/01/1907,rilevam.,San michele all'adige,Mezzolombardo
333,SAN MICHELE,01/09/1904,,San michele all'adige,Mezzolombardo
208,MALA,19/08/2005,rilevam.,Sant'orsola Terme,Pergine Valsugana
334,SANT' ORSOLA,25/05/2001,rilevam.,Sant'orsola Terme,Pergine Valsugana
15,BANCO,01/04/1905,,Sanzeno,Cles
75,CASEZ,01/08/1907,,Sanzeno,Cles
335,SANZENO,01/05/1905,,Sanzeno,Cles
338,SARNONICO,01/02/1931,rilevam.,Sarnonico,Fondo
346,SEIO I,01/08/1910,,Sarnonico,Fondo
347,SEIO II,01/08/1910,,Sarnonico,Fondo
343,SCURELLE,01/03/1909,,Scurelle,Borgo Valsugana
345,SEGONZANO,01/01/1936,,Segonzano,Trento
351,SEVIGNANO,01/04/1933,,Segonzano,Trento
32,BONDO,04/08/1983,rilevam.,Sella Giudicarie,Tione di Trento
42,BREGUZZO I,01/01/1974,,Sella Giudicarie,Tione di Trento
43,BREGUZZO II,01/02/1984,,Sella Giudicarie,Tione di Trento
179,LARDARO I,01/10/1931,,Sella Giudicarie,Tione di Trento
180,LARDARO II,01/10/1931,,Sella Giudicarie,Tione di Trento
316,RONCONE,01/05/1936,,Sella Giudicarie,Tione di Trento
352,SFRUZ,01/04/1907,,Sfruz,Cles
356,SORAGA I-SORAGA I,01/07/1971,,Soraga-Soraga,Cavalese
357,SORAGA II-SORAGA II,01/07/1971,,Soraga-Soraga,Cavalese
358,SOVER,01/05/1937,,Sover,Trento
38,BORZAGO,01/03/1969,,Spiazzo,Tione di Trento
151,FISTO,01/01/1976,,Spiazzo,Tione di Trento
246,MORTASO I,10/11/1966,,Spiazzo,Tione di Trento
247,MORTASO II,10/11/1966,,Spiazzo,Tione di Trento
361,SPORMAGGIORE,01/04/1911,rilevam.,Spormaggiore,Mezzolombardo
362,SPORMINORE,01/04/1912,rilevam.,Sporminore,Mezzolombardo
293,PREMIONE,01/11/1930,,Stenico,Tione di Trento
342,SCLEMO,01/11/1930,,Stenico,Tione di Trento
348,SEO,01/11/1930,,Stenico,Tione di Trento
363,STENICO I,01/01/1935,,Stenico,Tione di Trento
364,STENICO II,01/01/1935,,Stenico,Tione di Trento
434,VILLA BANALE,01/05/1929,,Stenico,Tione di Trento
128,DARZO,01/12/1940,,Storo,Tione di Trento
195,LODRONE,01/12/1940,,Storo,Tione di Trento
365,STORO,01/03/1954,rilevam.,Storo,Tione di Trento
370,STREMBO I,01/12/1967,,Strembo,Tione di Trento
371,STREMBO II,01/12/1967,,Strembo,Tione di Trento
381,TELVE DI SOPRA,01/03/1932,,Telve di sopra,Borgo Valsugana
382,TELVE DI SOTTO,01/03/1932,,Telve,Borgo Valsugana
383,TENNA,01/10/1911,,Tenna,Pergine Valsugana
111,COLOGNA GAVAZZO,01/05/1902,,Tenno,Riva del Garda
287,PRANZO,01/09/1903,,Tenno,Riva del Garda
384,TENNO,01/04/1903,rilevam.,Tenno,Riva del Garda
440,VILLE DEL MONTE,01/03/1904,,Tenno,Riva del Garda
390,TERRAGNOLO,01/06/1910,rilevam.,Terragnolo,Rovereto
250,NAVE SAN ROCCO,01/10/1908,rilevam.,Terre d'Adige,Mezzolombardo
443,ZAMBANA I,01/02/1964,rilevam.,Terre d'Adige,Mezzolombardo
444,ZAMBANA II,01/06/1906,,Terre d'Adige,Mezzolombardo
392,TERZOLAS,01/11/1927,,Terzolas,Malè
393,TESERO,01/10/1906,rilevam.,Tesero,Cavalese
336,SAONE,01/07/1909,rilevam.,Tione di Trento,Tione di Trento
397,TIONE I,01/02/1909,rilevam.,Tione di Trento,Tione di Trento
398,TIONE II,01/02/1909,,Tione di Trento,Tione di Trento
217,MASI DI VIGO,01/01/1920,rilevam.,Ton,Mezzolombardo
403,TOSS,01/07/1915,rilevam.,Ton,Mezzolombardo
427,VIGO,01/01/1935,rilevam.,Ton,Mezzolombardo
401,TORCEGNO,01/10/1933,,Torcegno,Borgo Valsugana
404,TRAMBILENO,01/03/1909,rilevam.,Trambileno,Rovereto
242,MONTAGNE,01/07/1906,,Tre Ville,Tione di Trento
294,PREORE,01/08/1909,,Tre Ville,Tione di Trento
301,RAGOLI I,01/03/1961,,Tre Ville,Tione di Trento
302,RAGOLI II,01/03/1960,,Tre Ville,Tione di Trento
17,BASELGA,01/09/1913,,Trento,Trento
50,CADINE,01/08/1913,,Trento,Trento
108,COGNOLA,01-05-1899,,Trento,Trento
161,GARDOLO,01-05-1899,rilevam.,Trento,Trento
222,MATTARELLO,01/09/1900,rilevam.,Trento,Trento
224,MEANO,01/05/1905,,Trento,Trento
244,MONTEVACCINO,01-05-1899,,Trento,Trento
285,POVO,01/07/1902,,Trento,Trento
305,RAVINA,01/05/1901,rilevam.,Trento,Trento
308,ROMAGNANO,01/09/1901,rilevam.,Trento,Trento
337,SARDAGNA,01/10/1902,rilevam.,Trento,Trento
355,SOPRAMONTE,01/06/1914,,Trento,Trento
406,TRENTO,01/10/1904,,Trento,Trento
432,VIGOLO,01/12/1914,,Trento,Trento
437,VILLAMONTAGNA,01-05-1899,,Trento,Trento
439,VILLAZZANO,01/04/1903,,Trento,Trento
21,BERSONE,01/08/1936,,Valdaone,Tione di Trento
412,VALFLORIANA,01/03/1920,,Valfloriana,Cavalese
413,VALLARSA,01/10/1913,rilevam.,Vallarsa,Rovereto
95,CIAGO I,01/12/1914,,Vallelaghi,Trento
96,CIAGO II,01/12/1914,,Vallelaghi,Trento
119,COVELO,01/12/1914,,Vallelaghi,Trento
158,FRAVEGGIO I,01/05/1926,,Vallelaghi,Trento
159,FRAVEGGIO II,01/05/1926,,Vallelaghi,Trento
197,LON I,01/05/1926,,Vallelaghi,Trento
198,LON II,01/05/1926,,Vallelaghi,Trento
216,MARGONE,01/05/1930,,Vallelaghi,Trento
262,PADERGNONE,01/05/1930,,Vallelaghi,Trento
304,RANZO,01/05/1930,,Vallelaghi,Trento
385,TERLAGO,01/08/1913,,Vallelaghi,Trento
422,VEZZANO,01/06/1926,,Vallelaghi,Trento
10,ARMO,01/08/1936,rilevam.,Valvestino,Riva del Garda
31,BOLLONE,02/09/2002,rilevam.,Valvestino,Riva del Garda
237,MOERNA,01/04/1933,rilevam.,Valvestino,Riva del Garda
275,PERSONE,01/04/1933,rilevam.,Valvestino,Riva del Garda
410,TURANO,01/06/1934,rilevam.,Valvestino,Riva del Garda
416,VARENA,01/04/1904,,Varena,Cavalese
420,VERMIGLIO,01/01/1938,,Vermiglio,Malè
145,FALESINA,01/05/1934,,Vignola-Falesina,Pergine Valsugana
425,VIGNOLA I,01/05/1939,,Vignola-Falesina,Pergine Valsugana
426,VIGNOLA II,01/05/1939,,Vignola-Falesina,Pergine Valsugana
79,CASTELLANO,01/05/1939,,Villa Lagarina,Rovereto
268,PEDERSANO,01/07/1928,,Villa Lagarina,Rovereto
436,VILLA LAGARINA,01/02/1927,,Villa Lagarina,Rovereto
249,NANNO,01/11/1909,,Ville d'Anaunia,Cles
376,TASSULLO I,01/10/1908,,Ville d'Anaunia,Cles
377,TASSULLO II,01/10/1908,,Ville d'Anaunia,Cles
378,TASSULLO III,01/10/1908,,Ville d'Anaunia,Cles
409,TUENNO,01/03/1911,rilevam.,Ville d'Anaunia,Cles
442,VOLANO,01/05/1902,,Volano,Rovereto
445,ZIANO,01/05/1975,rilevam.,Ziano di Fiemme,Cavalese
